,Chicago,Evanston,Naperville,Cook County
0,Administration-Finance/Current-Employee-Names-Salaries-and-Position-Title/xzkq-xp2w,Community-Development/Building-Permits-BLDS-Standard/jbax-, Parking Lots\'a0,Finance-Administration/Sweetened-Beverage-Distributors-Registered-with-th/fk38-788
1,Public-Safety/Crimes-2001-to-present-Dashboard/5cd6-ry5,Evanston-Benchmarking-Covered-Building-List-2017/p2tc-9fk," Individual, detailed parking space data for downtown and commuter parking in Naperville.",erformance.cookcountyil.gov/dataset/Expenditure-Data/pbhp-wv9
2,Parks-Recreation/Beach-Weather-Stations-Automated-Sensors-2016-Humi/7edu-s3u7,Health-Human-Services/Food-Establishment-Violations/spu5-riv2, Parking Spaces\'a0,Public-Safety/ETSB-911-Monthly-Call-Volume-Data-Lens/b3hg-kx9e
3,Buildings/Building-Permits/ydr8-5enu,Health-Human-Services/Food-Establishment-Businesses-Visualization/t5js-x9v7," Individual, detailed parking space data for downtown and commuter parking in Naperville.",Public-Safety/ETSB-911-Monthly-Call-Volume-Timeline/rwb7-qdfx
4,Ethics/Lobbyist-Data-Historical-Lobbyist-Registry-2010/2ft4-4uik,Health-Human-Services/Food-Establishment-Businesses/vu4y-h82, Parking Garages\'a0,Public-Health/Public-Health-District-Boundaries/c7pv-dy44
5,Community-Economic-Development/Affordable-Rental-Housing-Developments/s6ha-,Community-Development/Column-Chart-of-2011-14-City-of-Evanston-Poverty-R/dmm7-emt2," Individual, detailed parking space data for downtown and commuter parking in Naperville.",Finance-Administration/Budget-Fiscal-Year-2017-Adopted-Budget-Summary-Of-/y8cm-qn5
6,Public-Safety/Crimes-2001-to-present/ijzp-q8t2,City-Manager-s-Office-Finance-/2016-Total-Compensation-for-City-Employees/qehy-v72q, Parking Lot Outline\'a0,Finance-Administration/Budget-Fiscal-Year-2017-Adopted-Budget-Summary-By-/qdgc-xj55
7,Community-Economic-Development/Business-Licenses-Current-Active/uupf-x98q,Food-Establishment-List-with-Current-Inspection-Sc/8d3z-q3c3, Naperville Parking Lots,Finance-Administration/Budget-Fiscal-Year-2017-Adopted-Budget-Summary-Of-/ngjf-wnd5
8,Public-Safety/Crimes-Map/dfnk-7re6,Health-Human-Services/Food-Establishment-Inspections/dj7x-d2cq, Street Signs\'a0,Finance-Administration/Budget-Fiscal-Year-2017-Adopted-Budget-Summary-By-/vshx-zwf9
9,Health-Human-Services/Food-Inspections/4ijn-s7e5,FY-2011-Total-Compensation-for-City-Employees/ykir-tpk6, This layer shows the location and types of street signs maintained by the City of Naperville.,Public-Health/Public-Health-Death-Table-Of-Contents/mk8j-7
10,Public-Safety/Police-Stations/z8bn-74gv,Community-Development/Divvy-Monthly-Metrics-June-2016-to-April-2017/88ex-7bq5, Street Sign Supports\'a0,Public-Health/Public-Health-District-Map/aprh-kj
11,Administration-Finance/Performance-Metrics-Streets-Sanitation-Graffiti-Re/qcfn-tiw7,Information-Technology-includes-maps-geospatial-da/Census-2010-Tracts/evc9-e5, This layer shows the location of street sign supports maintained by the City of Naperville.,Public-Health/Public-Health-Birth-Table-Of-Contents/5fic-88g7
12,Community-Economic-Development/Small-Business-Improvement-Fund-SBIF-Grant-Agreeme/jp7n-tgm,2005-2015-Greenhouse-Gas-Emissions/ekk2-dxc7, Garbage/Recycling Collection Areas\'a0,Finance-Administration/Freedom-Of-Information-Act-FOIA-Log-Offices-Under-/7aqq-ahcq
13,Buildings/Problem-Landlord-List-Map/dip3-ud6z,Health-Human-Services/Food-Establishment-List-with-Current-Inspection-Sc/26s8-qw, Snow Priority Cul-de-sacs\'a0,Public-Safety/ETSB-911-Monthly-Call-Volume/wirw-pp52
14,Transportation/CTA-Map-of-Fare-Media-Sales-Outlets-deprecated-Aug/pa8e-mhb,Public-Works/Sewer-Structures-Cleaned/pt9p-rnf8," Naperville has established a priority plowing system for its more than 1,500 miles of roadway so that the main traffic routes are plowed first.\'a0The goal is to clear all streets within\'a015 hours after snow stops falling; however, heavier snows often take longer to clear.\'a0Arterial and main streets are plowed in the first phase of snow removal; residential side streets, cul-de-sacs, alleys and dead ends are cleared in the second phase. Cul-de\'85",GIS-Maps/ccgismap-Cook-County-Municipalities/ivjc-4itr
15,Transportation/Chicago-Street-Names/i6bp-fvbx,Police/Visualization-of-Based-on-2017-Q1-Evanston-Police-/hvtx-2v87, Snow Priority Routes\'a0,GIS-Maps/ccgisdata-Cook-County-Warming-Centers/vjup-q5
16,Community-Economic-Development/City-Owned-Land-Inventory/aksk-kv,Information-Technology-includes-maps-geospatial-da/Trees/t43z-a6xq," Naperville has established a priority plowing system for its more than 1,500 miles of roadway so that the main traffic routes are plowed first.\'a0The goal is to clear all streets within\'a015 hours after snow stops falling; however, heavier snows often take longer to clear.\'a0Arterial and main streets are plowed in the first phase of snow removal; residential side streets, cul-de-sacs, alleys and dead ends are cleared in the second phase. Cul-de\'85",Property-Taxation/Treasurer-Scavenger-Tax-Sale-Data-Lens/ev3g-7pe5
17,Buildings/Building-Code-Scofflaw-List-Map/hgat-td99,City-Manager-s-Office-Finance-/FY-2013-Projected-Total-Compensation/tb9i-6eu7, Public Works Districts\'a0,Property-Taxation/Treasurer-Annual-Tax-Sale-Data-Lens/4k7b-7is7
18,Service-Requests/Potholes-Patched-Last-Seven-Days/xpdx-8ivx,Information-Technology-includes-maps-geospatial-da/Refuse-collection-days/ppvj-auyq, Shows the location of City contracted mowing sites around the city.,Property-Taxation/Treasurer-Scavenger-Tax-Sale/ydgz-vkr
19,Education/Libraries-Locations-Hours-and-Contact-Information/x8fc-8rcq,FY-2009-Total-Compensation-for-City-Employees/kf9a-z9rm, Herbicide Sites\'a0,Property-Taxation/Treasurer-Annual-Tax-Sale/55ju-2fs9
20,Buildings/Building-Violations/22u3-xen,City-Manager-s-Office-Finance-/FY-2012-Total-Compensation/g5hy-m, Shows the location of City contracted Herbicide locations throughout the city.,Finance-Administration/Procurement-Buying-Plan-Fiscal-Year-2017-Data-Lens/fzzz-dh5
21,Service-Requests/311-Service-Requests-Vacant-and-Abandoned-Building/7nii-7,2010-2014-Evanston-Employment-Rates/e99c-ia96, Street Light Cabling\'a0,Finance-Administration/Procurement-Buying-Plan-Fiscal-Year-2017/pads-xcm2
22,Facilities-Geographic-Boundaries/Boundaries-Community-Areas-current-/cauq-8yn6,FY2015-Projected-Employee-Compensation/c9mi-, City of Naperville Street Light Cabling,Finance-Administration/Early-Voting-Locations-2016-November-8-Presidentia/3jp5-q965
23,Community-Economic-Development/Public-Chauffeurs/97wa-y6,Information-Technology-includes-maps-geospatial-da/Overhead-Bridges/vis9-rzz, Street Light Controllers\'a0,et/Polling-Place-Locations-2016-November-8-Presidenti/w4sq-4597
24,Transportation/Towed-Vehicles/ygr5-vcb,Information-Technology-includes-maps-geospatial-da/Address-points/gwrt-zhmw, City of Naperville Street Light Controllers,GIS-Maps/ccgisdata-Municipal-Incorporation-Inventory/d8vx-7fm3
25,Public-Safety/Police-Stations-Map/gkur-vu,Public-Works/2015-Water-Main-Breaks/477h-zwd5, Street Light Handholes\'a0,Finance-Administration/Budget-Fiscal-Year-2017-Executive-Recommendation-C/rn9a-dra6
26,Community-Economic-Development/Business-Licenses/r5kz-,2006-2015-City-of-Evanston-Rates-of-Income-Inequal/7czm-sum, City of Naperville Street Light handholes,Finance-Administration/Budget-Fiscal-Year-2017-Executive-Recommendation-B/fwar-bpxm
27,Health-Human-Services/Census-Data-Selected-socioeconomic-indicators-in-C/kn9c-c2s2,Class-Data-With-Locations-2016-1/q6rw-pdh7, Street Light Junction Boxes\'a0,Finance-Administration/Budget-Fiscal-Year-2017-Executive-Recommendation-B/me7n-
28,Public-Safety/Fire-Stations/28km-gtjn,Health-Human-Services/2016-Evanston-Health-Outcomes-And-Behaviors-Rankin/u576-pb3, City of Naperville Street Light Junction Boxes,et/Area-Animal-Shelters-Map/t86e-hv9w
29,Health-Human-Services/Senior-Centers/qhfc-4cw2,Information-Technology-includes-maps-geospatial-da/Building-footprints/xccc-6yu, Street Light Poles\'a0,et/Animal-Control-Area-Animal-Shelters/kvq5-4e
30,Transportation/Public-Right-of-Way-Use-Permits-Historical/hwmb-iu8j,Information-Technology-includes-maps-geospatial-da/Parks/3659-v5z, City of Naperville Street Light Poles,Finance-Administration/Procurement-Bid-Tabulations-Print-View/kakc-gwpr
31,Service-Requests/311-Service-Requests-Graffiti-Removal/hec5-y4x5,Information-Technology-includes-maps-geospatial-da/Census-2010-Block-Groups/j2ic-9rd3, Will County Open Data Portal\'a0,Finance-Administration/Human-Resources-Collective-Bargaining-Agreements/8tar-cztq
32,Public-Safety/Fire-Stations-Map/hp65-bcxv,Information-Technology-includes-maps-geospatial-da/Water-bodies/n4ji-pad5, DuPage County Open Data Portal\'a0,GIS-Maps/ccgisdata-Tax-Increment-Financing-TIF-Districts-20/si4i-nr
33,Public-Safety/Crimes-One-year-prior-to-present/x2n5-8w5q,Information-Technology-includes-maps-geospatial-da/Zoning-Districts/72fa-9g7m, rms.dbo.%vw MappingDailyBulletin\'a0,GIS-Maps/ccgisdata-Right-Of-Way-2015/ncd7-awz3
34,Public-Safety/Sex-Offenders/vc9r-bqv,Community-Development/2011-14-City-of-Evanston-Rates-of-Poverty-Reductio/j8vj-zci4, Shows the location of City contracted mowing sites around the city.,GIS-Maps/ccgisdata-Lot-2015/wwzc-wm
35,Administration-Finance/Payments/s4vu-giwb,Police/Visualization-of-2017-Q1-Evanston-Police-Departmen/qhy5-hx7w, Herbicide Sites\'a0,GIS-Maps/ccgisdata-Parcel-2015/nxb6-rw3
36,Public-Safety/Crimes-2015/vwwp-7yr9,Information-Technology-includes-maps-geospatial-da/Problem-Solving-Team-PST-beats/yggx-ey4x, Shows the location of City contracted Herbicide locations throughout the city.,Finance-Administration/Inspector-General-Employment-Plan-Officer-Semi-Ann/yjv5-k6f
37,Public-Safety/Crimes-2001-to-present-Map/c4ep-ee5m,Information-Technology-includes-maps-geospatial-da/Bicycle-routes-lanes-and-paths/hv4b-x3, Street Light Cabling\'a0,et/Inspector-General-Employment-Quarterly-Action-Repo/u6q5-2
38,Transportation/CTA-System-Information-Map-Showing-Bus-Stop-Shelte/mw4h-s8xu,Information-Technology-includes-maps-geospatial-da/Driveway-edges/k38c-xz4, City of Naperville Street Light Cabling,et/Cook-County-Cooling-Centers-Map/dnn9-esge
39,Service-Requests/311-Service-Requests-Pot-Holes-Reported/7as2-ds3,Information-Technology-includes-maps-geospatial-da/Railroad-tracks/pqur-kzyj, Street Light Controllers\'a0,et/Cook-County-Cooling-Centers/itej-axg8
40,Service-Requests/311-Service-Requests-Tree-Trims/uxic-zsuj,Police/2013-15-Crime-Rates/win7-xbeb, City of Naperville Street Light Controllers,Finance-Administration/Fiscal-Year-2017-Preliminary-Budget-Special-Purpos/t4cr-d2x
41,Community-Economic-Development/Business-Licenses/adax-pps3,Information-Technology-includes-maps-geospatial-da/Crosswalks/6ehj-, Street Light Handholes\'a0,Finance-Administration/Fiscal-Year-2017-Preliminary-Budget-Fiscal-Year-20/vahr-6ny2
42,FOIA/FOIA-Request-Log-Police/wjkc-agnm,Information-Technology-includes-maps-geospatial-da/Tax-Increment-Financing-TIF-districts/69vf-66y3, City of Naperville Street Light handholes,Finance-Administration/Fiscal-Year-2017-Preliminary-Budget-Fiscal-Year-20/cwwi-9unb
43,Transportation/CTA-List-of-CTA-Datasets/pnau-cf66,Information-Technology-includes-maps-geospatial-da/Local-historic-districts/hyjc-uyu, Street Light Junction Boxes\'a0,Finance-Administration/Fiscal-Year-2017-Preliminary-Budget-Fiscal-Year-20/an54-gq
44,FOIA/FOIA-Request-Log-Fire/un3c-ixb7,Public-Works/Evanston-2015-Drinking-Water-Quality/8qb5-yry6, City of Naperville Street Light Junction Boxes,Finance-Administration/Fiscal-Year-2017-Preliminary-Budget-Fiscal-Year-20/ubkc-mnqr
45,Health-Human-Services/Neighborhood-Health-Clinics-Historical/mw69-m6x,Information-Technology-includes-maps-geospatial-da/Speed-humps/mkfy-2fn8, Street Light Poles\'a0,GIS-Maps/ccgisdata-Election-Precinct-Data-2009/cj55-yk65
46,Service-Requests/311-Service-Requests-Sanitation-Code-Complaints/me59-5,Police/2017-Q1-Evanston-Police-Department-Adult-Arrestees/juka-cf8m, City of Naperville Street Light Poles,GIS-Maps/ccgisdata-Election-Precinct-Data-2011/trqg-itvx
47,Transportation/Red-Light-Camera-Violations/spqx-js37,2010-2014-Evanston-Labor-Force-Participation/p9fd-t988, Will County Open Data Portal\'a0,Finance-Administration/Investor-Relations-Credit-Agreements/cppp-8hq
48,Public-Safety/Chicago-Police-Department-Illinois-Uniform-Crime-R/c7ck-438e,Parking/Credit-Card-Data-2016/3t79-cjtb, DuPage County Open Data Portal\'a0,et/Commission-on-Women-s-Issues-Public-Hearing-Report/u88z-w
49,FOIA/FOIA-Request-Log-Buildings/ucsz-xe6,Information-Technology-includes-maps-geospatial-da/Traffic-signal-intersections/4br4-xtaj, rms.dbo.%vw MappingDailyBulletin\'a0,et/Medical-Examiner-Unclaimed-Persons/jmub-3h99
50,Service-Requests/311-Service-Requests-Abandoned-Vehicles/3c9v-pnv,Information-Technology-includes-maps-geospatial-da/Police-patrol-beats/ic59-8u5j, Mental Health\'a0,Finance-Administration/Budget-Archive/q379-w3q5
51,Environment-Sustainable-Development/CDPH-Environmental-Records-Lookup-Table/a9u4-3dwb,Information-Technology-includes-maps-geospatial-da/Parking-lots/3rqk-bm7q, Non-Criminal Offenses\'a0,Finance-Administration/Procurement-Bid-Tabulations-Archive/pn38-yupm
52,Buildings/Elevation-Benchmarks/zgvr-7,Information-Technology-includes-maps-geospatial-da/The-City-of-Evanston/q5yz-mwk, Arson\'a0,Finance-Administration/Procurement-Intent-to-Execute-Archive/gh3w-vkp5
53,Service-Requests/311-Service-Requests-Garbage-Carts/9ksk-na4q,Public-Works/2008-14-Sewer-Structure-Cleaned/jhju-x, Burglary from a Mobile Vehicle\'a0,Finance-Administration/Procurement-Intent-to-Award-Archive/52k2-p47e
54,Health-Human-Services/Public-Health-Statistics-Selected-public-health-in/iqnk-2tcu,2010-2014-Transportation-Mode-Split/i4qr-, Burglary\'a0,Property-Taxation/Zoning-Board-of-Appeals-Public-Hearings/gsgc-7puf
55,Service-Requests/Abandoned-Vehicles-Map/hxh5-e8e,Parking/Total-Income-Parking-Meter-Data-April-Report-2017/2r7y-kc3, Robbery\'a0,Finance-Administration/Board-of-Commissioners-Contingency-Accounts/cyqf-xdb
56,Transportation/Average-Daily-Traffic-Counts/pfsx-4n4m,2010-2014-Evanston-Percentage-of-Living-Wage-House/456c-5n2, Assault/Battery\'a0,Finance-Administration/Comptroller-Comprehensive-Annual-Financial-Report-/hi6n-5ezj
57,Facilities-Geographic-Boundaries/Boundaries-Neighborhoods/9wp7-iasj,Parks-Recreation-Community-Services/Class-Data-2017/ir2y-epyj, Sex Offenses\'a0,Healthcare/Medical-Examiner-Unidentified-Persons/y8dh-5w5
58,Administration-Finance/Debarred-Firms-and-Individuals/y93d-d9e3,Fire/2012-2015-Fire-Department-Non-Emergency-AverageRes/4sy5-77aj, Homicide\'a0,Finance-Administration/Human-Resources-Compliance-Officer-s-Quarterly-Emp/haj6-m47
59,Community-Economic-Development/Business-Owners/ezma-pppn,Information-Technology-includes-maps-geospatial-da/Special-Service-Areas-SSAs-/mpqv-zam, Police Beats\'a0,et/Human-Rights-Decisions/b5sv-ucke
60,Ethics/Lobbyist-Data-Lobbyist-Registry-2012-to-present-De/ypez-j3,Health-Human-Services/Overcoming-Challenges-To-Aging/73uy-6gj7, Police Beats for City of Naperville.,Finance-Administration/Board-of-Ethics-Advisory-Opinions/vs34-ecz
61,Facilities-Geographic-Boundaries/Boundaries-Census-Tracts-2010/5jrd-6zik,Information-Technology-includes-maps-geospatial-da/Cul-de-sacs/pnup-avt9, Railroads\'a0,Finance-Administration/Board-of-Ethics-Notices-of-Determination/th3p-us5
62,Service-Requests/311-Service-Requests-Tree-Debris/mab8-y9h3,Information-Technology-includes-maps-geospatial-da/Wards/mbp2-f34, Railroads within Naperville City Limits,et/Auditor-Quarterly-Open-Findings-Recommendations-St/9yjy-tqfj
63,Service-Requests/311-Service-Requests-Street-Lights-One-Out/3aav-uy2v,Information-Technology-includes-maps-geospatial-da/Federal-historic-districts/7wdp-qeru, Sidewalks\'a0,Finance-Administration/Auditor-Reports/4u8a-te7
64,Service-Requests/311-Service-Requests-Rodent-Baiting/97t6-z,Parking/Total-Income-Parking-Meter-Data-February-Report-20/2v7y-z87, Naperville Sidewalk Data,Finance-Administration/Procurement-Intent-to-Award/bgq7-v7m
65,Public-Safety/Crimes-2014/qnmj-8ku6,Parking/Total-Income-Parking-Meter-Data-November-2016/udkd-3qq, Stormwater Structures\'a0,Finance-Administration/Procurement-Intent-to-Execute/ag43-fvd7
66,Community-Economic-Development/Public-Passenger-Vehicle-Licenses/tfm3-3j95,Parking/Total-Income-Parking-Meter-Data-March-2016-Report/evaa-66, City of Naperville Stormwater Structures,Finance-Administration/Investor-Relations-Bond-Official-Statements/d46c-nxy5
67,Education/Libraries-Locations-Hours-and-Contact-Information-/wa2i-tm5,Parking/Total-Income-Parking-Meter-Data-July-Report-2017/54js-meg8, Stormwater Culvert\'a0,Finance-Administration/Human-Resources-Compliance-Officer-s-Semi-Annual-R/bsk3-nwf8
68,Health-Human-Services/Workforce-Centers/cs4s-nsn,EMS-and-Fire-Responses-by-Census-Tract-2013-2015-/vjss-u86b, City of Naperville Stormwater Culverts,Finance-Administration/Inspector-General-Proposed-Legislation/jtuj-fee
69,Health-Human-Services/Food-Inspections-Map/cnfp-tsx,Information-Technology-includes-maps-geospatial-da/CDBG-Target-Area/n5c8-air7, Stormwater Pipes\'a0,Finance-Administration/Inspector-General-Quarterly-Reports/fujx-q5f
70,Administration-Finance/Employee-Overtime-and-Supplemental-Earnings-2012/92xk-4rg9,Information-Technology-includes-maps-geospatial-da/Zoning-Overlay-Districts/kpz3-akj, City of Naperville Stormwater Pipes,Finance-Administration/Inspector-General-Public-Statements/mzyj-5e
71,Buildings/Building-Permits-Dashboard/2s3k-mec8,Information-Technology-includes-maps-geospatial-da/Street-centerlines/f3z5-j3m, Stormwater Special Features\'a0,GIS-Maps/ccgisdata-Address-Points-for-Area-33-2016-/7fn9-ax
72,Service-Requests/311-Service-Requests-Street-Lights-All-Out/zuxi-7xem,Public-Works/2011-2016-City-of-Evanston-Outdoor-Air-Quality/caw4-iaaq, City of Naperville Stormwater Special Features,GIS-Maps/ccgisdata-Address-Points-for-Area-32-2016-/q6ik-zx2
73,Education/Chicago-Public-Schools-Progress-Report-Cards-2011-/9xs2-f89,Parking/Total-Income-Parking-Meter-Data-May-Report-2017/sgxw-qceb, Stormwater Reservoir\'a0,GIS-Maps/ccgisdata-Address-Points-for-Area-31-2016-/mqsd-unjm
74,Buildings/Building-Footprints-deprecated-January-2013-/w2v3-isjw,Parking/Total-Income-Parking-Meter-Data-September-2016/ai7c-gg49, City of Naperville Stormwater Reservoirs,GIS-Maps/ccgisdata-Address-Points-for-Area-30-2016-/k7z8-ma9
75,Health-Human-Services/Condom-Distribution-Sites/azpf-uc4,Parking/Total-Income-Parking-Meter-Data-June-2017-Report/3b74-ux5, ROW Trees\'a0,GIS-Maps/ccgisdata-Address-Points-for-Area-29-2016-/d8c2-rize
76,Transportation/Average-Daily-Traffic-Counts-Map/pf56-35rv,Information-Technology-includes-maps-geospatial-da/Streets-and-alleys/38gb-t2dq, Naperville Driveways,GIS-Maps/ccgisdata-Address-Points-for-Area-28-2016-/gug2-e5q
77,Facilities-Geographic-Boundaries/Boundaries-ZIP-Codes/gdcf-axmw,Information-Technology-includes-maps-geospatial-da/Traffic-circles/dnv6-, Roads Outline\'a0,GIS-Maps/ccgisdata-Address-Points-for-Area-27-2016-/vhk7-x9
78,Public-Safety/Crimes-2013/a95h-gwzm,Information-Technology-includes-maps-geospatial-da/City-Property/cxez-38m, Municipal Boundary\'a0,GIS-Maps/ccgisdata-Address-Points-for-Area-26-2016-/pz8d-arh6
79,Transportation/Bike-Racks-Map/4ywc-hr3,Information-Technology-includes-maps-geospatial-da/Bridges/d5pp-b, City of Naperville Municipal Boundary,GIS-Maps/ccgisdata-Address-Points-for-Area-25-2016-/6uxp-xqj6
80,FOIA/FOIA-Request-Log-Procurement-Services/bcyv-67qk,Voter-Registration-Rates-From-2004-2012/bk8c-wabb, Address Points\'a0,GIS-Maps/ccgisdata-Address-Points-for-Area-24-2016-/ntax-x2zf
81,Environment-Sustainable-Development/Energy-Usage-2010/8yq3-m6w,Public-Works/2011-15-City-of-Evanston-Total-Solid-Waste/dxbr-gdn8, Address Points,GIS-Maps/ccgisdata-Address-Points-for-Area-23-2016-/kkvn-vsd7
82,Buildings/Life-Safety-Evaluations/qqqh-hgyw,Parking/Total-Income-Parking-Meter-Data-December-2016-Repo/ytfg-ktgb, Parcels\'a0,GIS-Maps/ccgisdata-Address-Points-for-Area-22-2016-/mqn9-4wm
83,Health-Human-Services/Public-Health-Statistics-Selected-underlying-cause/j6cj-r444,Parking/Total-Income-Parking-Meter-Data-JANUARY-REPORT-201/p2gc-nw7, City of Naperville Parcel Layer,GIS-Maps/ccgisdata-Address-Points-for-Area-21-2016-/uhv8-ar4
84,Transportation/Relocated-Vehicles/5k2z-suxx,Parking/Total-Income-Parking-Meter-Data-October-2016/wfv8-pwi2, Buildings\'a0,GIS-Maps/ccgisdata-Address-Points-for-Area-20-2016-/24hu-vx3
85,Administration-Finance/Contracts/rsxa-ify5,Parks-Recreation-Community-Services/Arts-Attendance-And-Participation-2011-14/vnwx-nbpj, Building Footprints,GIS-Maps/ccgisdata-Address-Points-for-Area-19-2016-/y9wi-jd57
86,Transportation/Speed-Camera-Violations/hhkd-xvj4,Community-Development/Presidential-Primary-Turnout-2016/hx3n-f4j, City Grid\'a0,GIS-Maps/ccgisdata-Address-Points-for-Area-18-2016-/b83i-7zx
87,Community-Economic-Development/Business-Licenses-Current-Active-Map/e4sp-itvq,Public-Works/2014-City-of-Evanston-Monthly-Water-Pumpage/95em-74, Naperville City Grid,GIS-Maps/ccgisdata-Address-Points-for-Area-17-2016-/jaeu-u2u6
88,Public-Safety/Boundaries-Police-Districts/4dt9-88u,Information-Technology-includes-maps-geospatial-da/Fences/iq33-, Schools\'a0,GIS-Maps/ccgisdata-Address-Points-for-Area-16-2016-/e9gq-iq
89,Public-Safety/Crimes-2011/qnrb-dui6,Information-Technology-includes-maps-geospatial-da/Temporary-school-one-way-streets/des2-y73b, City of Naperville Schools,GIS-Maps/ccgisdata-Address-Points-for-Area-15-2016-/ai6s-9
90,Health-Human-Services/Community-Service-Centers/bspy-6mw8,, Natural Water Features\'a0,
91,Transportation/CTA-Ridership-L-Station-Entries-Daily-Totals/5neh-572,, Natural Water Features in Naperville,
92,Facilities-Geographic-Boundaries/Boundaries-City-Outdated-Format/q38j-zgre,, ROW Centerline\'a0,
93,Administration-Finance/Budget-2011-Budget-Ordinance-Positions-and-Salarie/g398-fhbm,, Naperville Right-of-Way Centerlines,
94,Service-Requests/311-Service-Requests-Alley-Lights-Out/t28b-ys7j,, City of Naperville aerial photography 2013,
95,FOIA/FOIA-Request-Log-Animal-Care-and-Control/b989-387,, Emergency Shelters\'a0,
96,Public-Safety/Crimes-2012/hx8q-mf9v,, Designated Emergency Shelter Locations for the City of Naperville. This data is compatible with Waze feeds.,
97,Administration-Finance/Budget-2011-Budget-Ordinance-Appropriations/drv3-jzq,, City Website GIS Homepage\'a0,
98,Health-Human-Services/Food-Inspections-Dashboard/2bnm-jnvb,,,
99,FOIA/FOIA-Request-Log-Human-Resources/7zkx-3pp7,,,
100,FOIA/FOIA-Request-Log-Water-Management/cxfr-dd4,,,
101,FOIA/FOIA-Request-Log-Streets-Sanitation/zpd8-zq4w,,,
102,Events/Chicago-Park-District-Event-Permits/pk66-w54,,,
103,Facilities-Geographic-Boundaries/Boundaries-Central-Business-District/tksj-nvsw,,,
104,Health-Human-Services/Census-Data-Languages-spoken-in-Chicago-2008-2012/a2fk-ec6q,,,
105,Environment-Sustainable-Development/Average-Electricity-Usage-per-Square-Foot-by-Commu/usfg-z9mx,,,
106,FOIA/FOIA-Request-Log-Administrative-Hearings/t58s-ja5,,,
107,Facilities-Geographic-Boundaries/Ward-Offices/htai-wnw4,,,
108,Transportation/Major-Streets/ueqs-5wr6,,,
109,FOIA/FOIA-Request-Log-Finance/7avf-ek45,,,
110,FOIA/FOIA-Request-Log-Office-of-the-Mayor/srzw-dcv,,,
111,Transportation/CTA-Ridership-Bus-Routes-Daily-Totals-by-Route/jyb9-n7fm,,,
112,Transportation/Bike-Racks/cbyb-69xx,,,
113,Community-Economic-Development/Public-Chauffeurs-Filter-by-License-Number/p8iv-nnh8,,,
114,Administration-Finance/Performance-Metrics-Business-Affairs-Consumer-Prot/hrnt-vbxn,,,
115,Environment-Sustainable-Development/CDPH-Storage-Tanks/ug5u-hxnx,,,
116,Administration-Finance/Budget-2013-Budget-Ordinance-Positions-and-Salarie/78az-bt2,,,
117,Public-Safety/Crimes-2010/q4de-h6yq,,,
118,FOIA/FOIA-Request-Log-Planning-and-Development/5ztz-espx,,,
119,FOIA/FOIA-Request-Log-311/j2p9-gdf5,,,
120,Community-Economic-Development/Boundaries-Enterprise-Zones/64xf-pyv,,,
121,Administration-Finance/Performance-Metrics-Business-Affairs-Consumer-Prot/igye-3mj8,,,
122,Community-Economic-Development/Micro-Market-Recovery-Program-Violations-and-Inspe/ujwc-724,,,
123,Community-Economic-Development/Vacant-Properties-by-Community-Area/cjr7-qyw5,,,
124,Service-Requests/Sanitation-Status-Map/8bap-6xg8,,,
125,Community-Economic-Development/Business-Licenses-Current-Liquor-and-Public-Places/nrmj-3k,,,
126,FOIA/FOIA-Request-Log-OEMC/8pxc-mzcv,,,
127,Parks-Recreation/Beach-Water-Quality-Automated-Sensors-2014-Water-T/v7bk-5pm9,,,
128,Facilities-Geographic-Boundaries/Boundaries-Wards-2015-/sp34-6z76,,,
129,Community-Economic-Development/Micro-Market-Recovery-Program-Violations-and-Inspe/jceb-56v,,,
130,FOIA/FOIA-Request-Log-Business-Affairs-Consumer-Protect/ybhx-inqb,,,
131,Historic-Preservation/Landmark-Districts/zidz-sdfj,,,
132,Community-Economic-Development/TIF-District-Programming/ycd5-punx,,,
133,Education/Schools-deprecated-2012-/kqmn-byj8,,,
134,FOIA/FOIA-Request-Log-Chicago-Police-Board/9pd8-s9t4,,,
135,FOIA/FOIA-Request-Log-Transportation/u9qt-tv7,,,
136,Buildings/Elevation-Benchmarks-Map/kmt9-pg57,,,
137,Health-Human-Services/Public-Health-Statistics-Births-and-birth-rates-in/4arr-giv,,,
138,Community-Economic-Development/Public-Chauffeurs-Filter-by-Driver-Name/g8ca-t8,,,
139,Transportation/CTA-Ridership-Daily-Boarding-Totals/6iiy-9s97,,,
140,Transportation/CTA-List-of-Fare-Media-Sales-Outlets-deprecated-Au/ag7u-gr9m,,,
141,Administration-Finance/Budget-2013-Budget-Recommendations-Positions-and-S/gfmr-d54,,,
142,Transportation/CTA-Ridership-Avg-Weekday-Bus-Stop-Boardings-in-Oc/mq3i-nnqe,,,
143,et/Divvy-Bicycle-Stations-Historical-Dashboard/5nq5-wxpz,,,
144,Community-Economic-Development/Public-Chauffeurs-Dashboard/3dz4-k,,,
145,Education/Chicago-Public-Schools-Geographic-Networks/3y7n-mx9,,,
146,Service-Requests/311-Service-Requests-Vacant-and-Abandoned-Building/d9re-tmpw,,,
147,Administration-Finance/Performance-Metrics-Streets-Sanitation-Graffiti-Re/9m5u-3f29,,,
148,Education/Connect-Chicago-Locations-Map/4jzv-,,,
149,Environment-Sustainable-Development/Green-Roofs-Map/u23m-pa73,,,
150,Environment-Sustainable-Development/Array-of-Things-Locations-Map/2dng-xkn,,,
151,Community-Economic-Development/Map-of-Grocery-Stores-2013/ce29-twz,,,
152,Public-Safety/Crimes-2001/8v97-un,,,
153,Sanitation/Street-Sweeping-Schedule-2012/k3hy-v5xb,,,
154,Health-Human-Services/Senior-Centers-Map/8ayb-6mj,,,
155,Buildings/Vacant-and-Abandoned-Buildings-Violations/kc9i-wq85,,,
156,Community-Economic-Development/Affordable-Rental-Housing-Developments/dkgm-i9,,,
157,Community-Economic-Development/TIF-Balance-Sheets/hezc-e4be,,,
158,Transportation/Parking-Permit-Zones/u9xt-hiju,,,
159,Public-Safety/Boundaries-Police-Beats-current-/aerh-rz74,,,
160,Administration-Finance/Employee-Overtime-and-Supplemental-Earnings-2013/s9zb-nuc6,,,
161,Public-Safety/Crimes-2008/xa2r-b,,,
162,Administration-Finance/Budget-2012-Budget-Ordinance-Appropriations/8ix6-nb7q,,,
163,Public-Safety/Crimes-2009/qqw2-hwk,,,
164,Parks-Recreation/Forest-Preserves-Chicago/je6f-7464,,,
165,Facilities-Geographic-Boundaries/Population-by-2010-Census-Block/5yjb-v3mj,,,
166,Public-Safety/Crimes-2002/g9qy-h66j,,,
167,Public-Safety/Crimes-2007/7wwb-3vgm,,,
168,Public-Safety/Crimes-2006/mh59-yhwm,,,
169,Public-Safety/Crimes-2005/4guy-,,,
170,Health-Human-Services/Public-Health-Statistics-Diabetes-hospitalizations/vekt-28b5,,,
171,Facilities-Geographic-Boundaries/Boundaries-Census-Blocks-2010/mfzt-js4n,,,
172,Public-Safety/Crimes-2003/zjqd-uvk,,,
173,Administration-Finance/Budget-2014-Budget-Recommendations-Positions-and-S/q8h3-dju,,,
174,Public-Safety/Crimes-2004/vaxn-3im,,,
175,FOIA/FOIA-Request-Log-Law/44bx-n,,,
176,Health-Human-Services/Public-Health-Statistics-Asthma-hospitalizations-i/vazh-t57q,,,
177,Transportation/CTA-Ridership-L-Station-Entries-Monthly-Day-Type-A/t2rn-p8d7,,,
178,Transportation/CTA-L-Rail-Lines-Shapefile/53r7-y88m,,,
179,Facilities-Geographic-Boundaries/Boundaries-Neighborhoods/bbvz-uum9,,,
180,Parks-Recreation/Beach-Water-Quality-Automated-Sensors/qmqz-2xku,,,
181,FOIA/FOIA-Request-Log-Revenue/zrv6-,,,
182,Environment-Sustainable-Development/CDPH-Environmental-Inspections/i9rk-duv,,,
183,Transportation/Roadway-Construction-Moratoriums/ndbz-vy4e,,,
184,Administration-Finance/Budget-2012-Budget-Ordinance-Positions-and-Salarie/4n2t-us8,,,
185,Parks-Recreation/Parks-Shapefiles-deprecated-November-2016-/5msb-wbxn,,,
186,Parks-Recreation/Parks-Map-deprecated-November-2016-/2eaw-bdhe,,,
187,Transportation/Taxi-Trips-Dashboard/spcw-brbq,,,
188,Health-Human-Services/Hospitals-Chicago/ucpz-2r55,,,
189,Transportation/Chicago-Traffic-Tracker-Congestion-Estimates-by-Re/t2qc-9pj,,,
190,Transportation/Street-Center-Lines-Deprecated-July-2013-/xy4z-b6,,,
191,FOIA/FOIA-Request-Log-Health/4h87-z,,,
192,Transportation/Chicago-Traffic-Tracker-Historical-Congestion-Esti/77hq-hu,,,
193,Community-Economic-Development/TIF-Balances-by-Fiscal-Year/hz8p-ewk5,,,
194,Administration-Finance/Employee-Reimbursements/g5h3-jk,,,
195,Environment-Sustainable-Development/Map-of-CDPH-Environmental-Records-Lookup-Table/42mh-n5,,,
196,Transportation/Chicago-Traffic-Tracker-Historical-Congestion-Esti/emtn-qq,,,
197,Environment-Sustainable-Development/CDPH-Environmental-Complaints/fypr-ksnz,,,
198,Community-Economic-Development/Broadband-Innovation-Zones/jkfs-hw,,,
199,Historic-Preservation/Individual-Landmarks-Map/habu-n236,,,
200,Parks-Recreation/Beach-Weather-Stations-Automated-Sensors-2015-Wind/dayf-zcv,,,
201,Administration-Finance/Budget-2014-Budget-Ordinance-Appropriations/ub6s-xy6e,,,
202,Parks-Recreation/Waterways/bat8-9fu,,,
203,Administration-Finance/Employee-Overtime-and-Supplemental-Earnings-2014/9xua-tab,,,
204,FOIA/FOIA-Request-Log-Aviation/jbth-h7cm,,,
205,Administration-Finance/Budget-2015-Budget-Ordinance-Positions-and-Salarie/f338-e9n,,,
206,Buildings/Building-Footprints-current-/hz9b-7nh8,,,
207,FOIA/FOIA-Request-Log-Independent-Police-Review-Authori/gzxp-vdq,,,
208,Community-Economic-Development/Boundaries-Empowerment-Zones/m6ef-sjkj,,,
209,Public-Safety/Boundaries-Police-Districts-current-/fthy-xz3,,,
210,Administration-Finance/Budget-2016-Budget-Ordinance-Positions-and-Salarie/ipsp-k4x,,,
211,Community-Economic-Development/Active-Taxi-Vehicle-Models-Graph/hemf-zffe,,,
212,Environment-Sustainable-Development/CDPH-Environmental-Permits/ir7v-8mc8,,,
213,Administration-Finance/Budget-2014-Budget-Ordinance-Positions-and-Salarie/etzw-ycze,,,
214,Administration-Finance/Budget-2013-Budget-Recommendations-Appropriations/d6tb-pwze,,,
215,Buildings/Building-Footprints-deprecated-August-2015-/qv97-3bvb,,,
216,Transportation/Chicago-Traffic-Tracker-Congestion-Estimates-by-Se/n4j6-wkk,,,
217,Transportation/Taxi-Trips/wrvz-psew,,,
218,Community-Economic-Development/Public-Passenger-Vehicle-Licenses-Taxis-Only/gcze-gasw,,,
219,Transportation/CTA-Ridership-Annual-Boarding-Totals/w8km-9pz,,,
220,Administration-Finance/Budget-Positions-and-Salaries-in-2011-Appropriatio/6xus-9vdn,,,
221,Transportation/CTA-System-Information-List-of-L-Stops/8pix-ypme,,,
222,Environment-Sustainable-Development/CDPH-Asbestos-and-Demolition-Notification/qhb4-qx8k,,,
223,Education/Connect-Chicago-Locations/bmus-hp7e,,,
224,Administration-Finance/Budget-2015-Budget-Ordinance-Appropriations/qnek-,,,
